"ID";"SectorBranchesSIC2008";"Periods";"TurnoverIndicesOnlineSales_1"
"0";"900049 ";"2014MM01";"    77.1"
"1";"900049 ";"2014MM02";"    67.3"
"2";"900049 ";"2014MM03";"    76.0"
"4";"900049 ";"2014MM04";"    79.7"
"5";"900049 ";"2014MM05";"    80.3"
"6";"900049 ";"2014MM06";"    80.3"
"8";"900049 ";"2014MM07";"    77.7"
"9";"900049 ";"2014MM08";"    76.6"
"10";"900049 ";"2014MM09";"    81.0"
"12";"900049 ";"2014MM10";"    85.0"
"13";"900049 ";"2014MM11";"    91.8"
"14";"900049 ";"2014MM12";"   110.2"
"17";"900049 ";"2015MM01";"    91.0"
"18";"900049 ";"2015MM02";"    78.2"
"19";"900049 ";"2015MM03";"    90.5"
"21";"900049 ";"2015MM04";"    93.6"
"22";"900049 ";"2015MM05";"    90.7"
"23";"900049 ";"2015MM06";"   102.9"
"25";"900049 ";"2015MM07";"    97.0"
"26";"900049 ";"2015MM08";"    92.9"
"27";"900049 ";"2015MM09";"   104.1"
"29";"900049 ";"2015MM10";"   105.2"
"30";"900049 ";"2015MM11";"   116.3"
"31";"900049 ";"2015MM12";"   137.7"
"34";"900049 ";"2016MM01";"   112.8"
"35";"900049 ";"2016MM02";"    98.3"
"36";"900049 ";"2016MM03";"   110.8"
"38";"900049 ";"2016MM04";"   109.0"
"39";"900049 ";"2016MM05";"   115.6"
"40";"900049 ";"2016MM06";"   123.7"
"42";"900049 ";"2016MM07";"   112.7"
"43";"900049 ";"2016MM08";"   110.9"
"44";"900049 ";"2016MM09";"   117.5"
"46";"900049 ";"2016MM10";"   127.0"
"47";"900049 ";"2016MM11";"   147.1"
"48";"900049 ";"2016MM12";"   156.1"
"51";"900049 ";"2017MM01";"   133.1"
"52";"900049 ";"2017MM02";"   113.9"
"53";"900049 ";"2017MM03";"   126.7"
"55";"900049 ";"2017MM04";"   129.3"
"56";"900049 ";"2017MM05";"   143.9"
"57";"900049 ";"2017MM06";"   146.9"
"59";"900049 ";"2017MM07";"   136.5"
"60";"900049 ";"2017MM08";"   131.2"
"61";"900049 ";"2017MM09";"   145.4"
"63";"900049 ";"2017MM10";"   147.7"
"64";"900049 ";"2017MM11";"   180.7"
"65";"900049 ";"2017MM12";"   193.5"
"68";"900049 ";"2018MM01";"   163.2"
"69";"900049 ";"2018MM02";"   133.1"
"70";"900049 ";"2018MM03";"   156.2"
"72";"900049 ";"2018MM04";"   158.5"
"73";"900049 ";"2018MM05";"   163.9"
"74";"900049 ";"2018MM06";"   173.4"
"76";"900049 ";"2018MM07";"   165.7"
"77";"900049 ";"2018MM08";"   156.2"
"78";"900049 ";"2018MM09";"   164.4"
"80";"900049 ";"2018MM10";"   175.9"
"81";"900049 ";"2018MM11";"   216.9"
"82";"900049 ";"2018MM12";"   210.6"
"85";"900049 ";"2019MM01";"   189.4"
"86";"900049 ";"2019MM02";"   156.2"
"87";"900049 ";"2019MM03";"   182.1"
"89";"900049 ";"2019MM04";"   184.7"
"90";"900049 ";"2019MM05";"   199.1"
"91";"900049 ";"2019MM06";"   203.0"
"93";"900049 ";"2019MM07";"   191.8"
"94";"900049 ";"2019MM08";"   180.0"
"95";"900049 ";"2019MM09";"   200.1"
"97";"900049 ";"2019MM10";"   199.8"
"98";"900049 ";"2019MM11";"   234.7"
"99";"900049 ";"2019MM12";"   263.5"
"102";"900049 ";"2020MM01";"   212.1"
"103";"900049 ";"2020MM02";"   184.2"
"104";"900049 ";"2020MM03";"   245.7"
"106";"900049 ";"2020MM04";"   312.6"
"107";"900049 ";"2020MM05";"   301.8"
"108";"900049 ";"2020MM06";"   296.3"
"110";"900049 ";"2020MM07";"   266.3"
"111";"900049 ";"2020MM08";"   254.4"
"112";"900049 ";"2020MM09";"   269.3"
"114";"900049 ";"2020MM10";"   299.2"
"115";"900049 ";"2020MM11";"   368.2"
"116";"900049 ";"2020MM12";"   413.6"
"119";"900049 ";"2021MM01";"   404.1"
"120";"900049 ";"2021MM02";"   375.0"
"121";"900049 ";"2021MM03";"   412.1"
"123";"900049 ";"2021MM04";"   371.2"
"124";"900049 ";"2021MM05";"   348.9"
"125";"900049 ";"2021MM06";"   348.0"
"127";"900049 ";"2021MM07";"   296.0"
"128";"900049 ";"2021MM08";"   284.4"
"129";"900049 ";"2021MM09";"   300.7"
"131";"900049 ";"2021MM10";"   313.7"
"132";"900049 ";"2021MM11";"   391.4"
"133";"900049 ";"2021MM12";"   429.7"
"136";"900049 ";"2022MM01";"   373.8"
"137";"900049 ";"2022MM02";"   278.1"
"138";"900049 ";"2022MM03";"   321.2"
"140";"900049 ";"2022MM04";"   308.6"
"141";"900049 ";"2022MM05";"   338.5"
"142";"900049 ";"2022MM06";"   332.3"
"144";"900049 ";"2022MM07";"   316.0"
"145";"900049 ";"2022MM08";"   293.1"
"146";"900049 ";"2022MM09";"   322.9"
"148";"900049 ";"2022MM10";"   333.5"
"149";"900049 ";"2022MM11";"   420.9"
"150";"900049 ";"2022MM12";"   388.6"
"153";"900049 ";"2023MM01";"   339.0"
"154";"900049 ";"2023MM02";"   287.7"
"155";"900049 ";"2023MM03";"   336.5"
"157";"900049 ";"2023MM04";"   316.8"
"158";"900049 ";"2023MM05";"   353.2"
"159";"900049 ";"2023MM06";"   348.2"
"161";"900049 ";"2023MM07";"   317.3"
"162";"900049 ";"2023MM08";"   303.1"
"163";"900049 ";"2023MM09";"   319.3"
"165";"900049 ";"2023MM10";"   346.6"
"166";"900049 ";"2023MM11";"   420.3"
"167";"900049 ";"2023MM12";"   381.5"
"170";"900049 ";"2024MM01";"   350.7"
"171";"900049 ";"2024MM02";"   304.6"
"172";"900049 ";"2024MM03";"   344.4"
"174";"900049 ";"2024MM04";"   342.7"
"175";"900049 ";"2024MM05";"   359.8"
"176";"900049 ";"2024MM06";"   353.4"
"178";"900049 ";"2024MM07";"   344.9"
"179";"900049 ";"2024MM08";"   323.8"
"180";"900049 ";"2024MM09";"   349.7"
"182";"900049 ";"2024MM10";"   365.6"
"183";"900049 ";"2024MM11";"   426.3"
"184";"900049 ";"2024MM12";"   425.4"
"187";"900049 ";"2025MM01";"   365.9"
"188";"900049 ";"2025MM02";"   317.5"
"189";"900049 ";"2025MM03";"   368.5"
"191";"900058 ";"2014MM01";"    77.6"
"192";"900058 ";"2014MM02";"    63.3"
"193";"900058 ";"2014MM03";"    77.0"
"195";"900058 ";"2014MM04";"    83.2"
"196";"900058 ";"2014MM05";"    80.6"
"197";"900058 ";"2014MM06";"    79.9"
"199";"900058 ";"2014MM07";"    75.7"
"200";"900058 ";"2014MM08";"    75.2"
"201";"900058 ";"2014MM09";"    79.7"
"203";"900058 ";"2014MM10";"    89.1"
"204";"900058 ";"2014MM11";"    92.6"
"205";"900058 ";"2014MM12";"   110.1"
"208";"900058 ";"2015MM01";"    97.6"
"209";"900058 ";"2015MM02";"    77.2"
"210";"900058 ";"2015MM03";"    92.9"
"212";"900058 ";"2015MM04";"    96.1"
"213";"900058 ";"2015MM05";"    91.3"
"214";"900058 ";"2015MM06";"   106.7"
"216";"900058 ";"2015MM07";"    93.6"
"217";"900058 ";"2015MM08";"    89.3"
"218";"900058 ";"2015MM09";"   100.8"
"220";"900058 ";"2015MM10";"   112.2"
"221";"900058 ";"2015MM11";"   113.5"
"222";"900058 ";"2015MM12";"   128.8"
"225";"900058 ";"2016MM01";"   112.9"
"226";"900058 ";"2016MM02";"    93.8"
"227";"900058 ";"2016MM03";"   105.7"
"229";"900058 ";"2016MM04";"   105.2"
"230";"900058 ";"2016MM05";"   116.9"
"231";"900058 ";"2016MM06";"   121.8"
"233";"900058 ";"2016MM07";"   104.7"
"234";"900058 ";"2016MM08";"   100.6"
"235";"900058 ";"2016MM09";"   109.9"
"237";"900058 ";"2016MM10";"   131.4"
"238";"900058 ";"2016MM11";"   146.2"
"239";"900058 ";"2016MM12";"   148.8"
"242";"900058 ";"2017MM01";"   137.9"
"243";"900058 ";"2017MM02";"   105.1"
"244";"900058 ";"2017MM03";"   124.1"
"246";"900058 ";"2017MM04";"   132.7"
"247";"900058 ";"2017MM05";"   147.4"
"248";"900058 ";"2017MM06";"   151.8"
"250";"900058 ";"2017MM07";"   127.6"
"251";"900058 ";"2017MM08";"   119.8"
"252";"900058 ";"2017MM09";"   143.8"
"254";"900058 ";"2017MM10";"   145.7"
"255";"900058 ";"2017MM11";"   180.9"
"256";"900058 ";"2017MM12";"   191.7"
"259";"900058 ";"2018MM01";"   173.9"
"260";"900058 ";"2018MM02";"   127.3"
"261";"900058 ";"2018MM03";"   160.0"
"263";"900058 ";"2018MM04";"   175.6"
"264";"900058 ";"2018MM05";"   176.1"
"265";"900058 ";"2018MM06";"   189.9"
"267";"900058 ";"2018MM07";"   174.7"
"268";"900058 ";"2018MM08";"   156.8"
"269";"900058 ";"2018MM09";"   172.0"
"271";"900058 ";"2018MM10";"   188.2"
"272";"900058 ";"2018MM11";"   241.8"
"273";"900058 ";"2018MM12";"   222.1"
"276";"900058 ";"2019MM01";"   213.8"
"277";"900058 ";"2019MM02";"   162.0"
"278";"900058 ";"2019MM03";"   194.2"
"280";"900058 ";"2019MM04";"   212.2"
"281";"900058 ";"2019MM05";"   219.2"
"282";"900058 ";"2019MM06";"   236.5"
"284";"900058 ";"2019MM07";"   203.6"
"285";"900058 ";"2019MM08";"   187.4"
"286";"900058 ";"2019MM09";"   222.4"
"288";"900058 ";"2019MM10";"   223.1"
"289";"900058 ";"2019MM11";"   256.5"
"290";"900058 ";"2019MM12";"   287.7"
"293";"900058 ";"2020MM01";"   237.9"
"294";"900058 ";"2020MM02";"   195.3"
"295";"900058 ";"2020MM03";"   285.7"
"297";"900058 ";"2020MM04";"   404.9"
"298";"900058 ";"2020MM05";"   359.7"
"299";"900058 ";"2020MM06";"   356.8"
"301";"900058 ";"2020MM07";"   307.9"
"302";"900058 ";"2020MM08";"   284.6"
"303";"900058 ";"2020MM09";"   313.4"
"305";"900058 ";"2020MM10";"   345.7"
"306";"900058 ";"2020MM11";"   440.4"
"307";"900058 ";"2020MM12";"   521.4"
"310";"900058 ";"2021MM01";"   541.2"
"311";"900058 ";"2021MM02";"   511.8"
"312";"900058 ";"2021MM03";"   546.1"
"314";"900058 ";"2021MM04";"   483.5"
"315";"900058 ";"2021MM05";"   416.4"
"316";"900058 ";"2021MM06";"   426.1"
"318";"900058 ";"2021MM07";"   332.3"
"319";"900058 ";"2021MM08";"   317.5"
"320";"900058 ";"2021MM09";"   342.6"
"322";"900058 ";"2021MM10";"   365.5"
"323";"900058 ";"2021MM11";"   445.3"
"324";"900058 ";"2021MM12";"   520.4"
"327";"900058 ";"2022MM01";"   468.8"
"328";"900058 ";"2022MM02";"   305.4"
"329";"900058 ";"2022MM03";"   377.8"
"331";"900058 ";"2022MM04";"   366.1"
"332";"900058 ";"2022MM05";"   397.7"
"333";"900058 ";"2022MM06";"   393.1"
"335";"900058 ";"2022MM07";"   364.3"
"336";"900058 ";"2022MM08";"   326.8"
"337";"900058 ";"2022MM09";"   377.6"
"339";"900058 ";"2022MM10";"   385.2"
"340";"900058 ";"2022MM11";"   490.0"
"341";"900058 ";"2022MM12";"   436.5"
"344";"900058 ";"2023MM01";"   375.2"
"345";"900058 ";"2023MM02";"   301.4"
"346";"900058 ";"2023MM03";"   370.3"
"348";"900058 ";"2023MM04";"   371.8"
"349";"900058 ";"2023MM05";"   422.9"
"350";"900058 ";"2023MM06";"   427.4"
"352";"900058 ";"2023MM07";"   357.7"
"353";"900058 ";"2023MM08";"   339.1"
"354";"900058 ";"2023MM09";"   349.2"
"356";"900058 ";"2023MM10";"   385.7"
"357";"900058 ";"2023MM11";"   466.7"
"358";"900058 ";"2023MM12";"   417.0"
"361";"900058 ";"2024MM01";"   387.5"
"362";"900058 ";"2024MM02";"   306.3"
"363";"900058 ";"2024MM03";"   371.7"
"365";"900058 ";"2024MM04";"   385.4"
"366";"900058 ";"2024MM05";"   404.3"
"367";"900058 ";"2024MM06";"   396.7"
"369";"900058 ";"2024MM07";"   373.0"
"370";"900058 ";"2024MM08";"   344.6"
"371";"900058 ";"2024MM09";"   372.7"
"373";"900058 ";"2024MM10";"   388.8"
"374";"900058 ";"2024MM11";"   458.6"
"375";"900058 ";"2024MM12";"   447.0"
"378";"900058 ";"2025MM01";"   392.9"
"379";"900058 ";"2025MM02";"   306.2"
"380";"900058 ";"2025MM03";"   382.3"
"382";"382600 ";"2014MM01";"    76.9"
"383";"382600 ";"2014MM02";"    69.7"
"384";"382600 ";"2014MM03";"    75.4"
"386";"382600 ";"2014MM04";"    77.5"
"387";"382600 ";"2014MM05";"    80.2"
"388";"382600 ";"2014MM06";"    80.5"
"390";"382600 ";"2014MM07";"    78.9"
"391";"382600 ";"2014MM08";"    77.4"
"392";"382600 ";"2014MM09";"    81.7"
"394";"382600 ";"2014MM10";"    82.5"
"395";"382600 ";"2014MM11";"    91.3"
"396";"382600 ";"2014MM12";"   110.3"
"399";"382600 ";"2015MM01";"    87.1"
"400";"382600 ";"2015MM02";"    78.8"
"401";"382600 ";"2015MM03";"    89.0"
"403";"382600 ";"2015MM04";"    92.1"
"404";"382600 ";"2015MM05";"    90.4"
"405";"382600 ";"2015MM06";"   100.6"
"407";"382600 ";"2015MM07";"    99.0"
"408";"382600 ";"2015MM08";"    95.0"
"409";"382600 ";"2015MM09";"   106.0"
"411";"382600 ";"2015MM10";"   101.0"
"412";"382600 ";"2015MM11";"   118.0"
"413";"382600 ";"2015MM12";"   143.0"
"416";"382600 ";"2016MM01";"   112.7"
"417";"382600 ";"2016MM02";"   101.0"
"418";"382600 ";"2016MM03";"   113.9"
"420";"382600 ";"2016MM04";"   111.3"
"421";"382600 ";"2016MM05";"   114.8"
"422";"382600 ";"2016MM06";"   124.8"
"424";"382600 ";"2016MM07";"   117.6"
"425";"382600 ";"2016MM08";"   117.1"
"426";"382600 ";"2016MM09";"   122.1"
"428";"382600 ";"2016MM10";"   124.4"
"429";"382600 ";"2016MM11";"   147.7"
"430";"382600 ";"2016MM12";"   160.5"
"433";"382600 ";"2017MM01";"   130.1"
"434";"382600 ";"2017MM02";"   119.2"
"435";"382600 ";"2017MM03";"   128.3"
"437";"382600 ";"2017MM04";"   127.3"
"438";"382600 ";"2017MM05";"   141.8"
"439";"382600 ";"2017MM06";"   144.0"
"441";"382600 ";"2017MM07";"   141.9"
"442";"382600 ";"2017MM08";"   138.1"
"443";"382600 ";"2017MM09";"   146.3"
"445";"382600 ";"2017MM10";"   148.8"
"446";"382600 ";"2017MM11";"   180.5"
"447";"382600 ";"2017MM12";"   194.6"
"450";"382600 ";"2018MM01";"   156.9"
"451";"382600 ";"2018MM02";"   136.5"
"452";"382600 ";"2018MM03";"   153.9"
"454";"382600 ";"2018MM04";"   148.3"
"455";"382600 ";"2018MM05";"   156.6"
"456";"382600 ";"2018MM06";"   163.5"
"458";"382600 ";"2018MM07";"   160.3"
"459";"382600 ";"2018MM08";"   155.8"
"460";"382600 ";"2018MM09";"   159.8"
"462";"382600 ";"2018MM10";"   168.5"
"463";"382600 ";"2018MM11";"   201.9"
"464";"382600 ";"2018MM12";"   203.7"
"467";"382600 ";"2019MM01";"   174.8"
"468";"382600 ";"2019MM02";"   152.7"
"469";"382600 ";"2019MM03";"   174.8"
"471";"382600 ";"2019MM04";"   168.2"
"472";"382600 ";"2019MM05";"   187.0"
"473";"382600 ";"2019MM06";"   182.9"
"475";"382600 ";"2019MM07";"   184.7"
"476";"382600 ";"2019MM08";"   175.6"
"477";"382600 ";"2019MM09";"   186.7"
"479";"382600 ";"2019MM10";"   185.8"
"480";"382600 ";"2019MM11";"   221.6"
"481";"382600 ";"2019MM12";"   248.9"
"484";"382600 ";"2020MM01";"   196.6"
"485";"382600 ";"2020MM02";"   177.6"
"486";"382600 ";"2020MM03";"   221.7"
"488";"382600 ";"2020MM04";"   257.1"
"489";"382600 ";"2020MM05";"   267.0"
"490";"382600 ";"2020MM06";"   260.0"
"492";"382600 ";"2020MM07";"   241.3"
"493";"382600 ";"2020MM08";"   236.3"
"494";"382600 ";"2020MM09";"   242.9"
"496";"382600 ";"2020MM10";"   271.3"
"497";"382600 ";"2020MM11";"   324.9"
"498";"382600 ";"2020MM12";"   348.8"
"501";"382600 ";"2021MM01";"   321.6"
"502";"382600 ";"2021MM02";"   292.8"
"503";"382600 ";"2021MM03";"   331.6"
"505";"382600 ";"2021MM04";"   303.6"
"506";"382600 ";"2021MM05";"   308.3"
"507";"382600 ";"2021MM06";"   301.1"
"509";"382600 ";"2021MM07";"   274.2"
"510";"382600 ";"2021MM08";"   264.6"
"511";"382600 ";"2021MM09";"   275.5"
"513";"382600 ";"2021MM10";"   282.6"
"514";"382600 ";"2021MM11";"   359.0"
"515";"382600 ";"2021MM12";"   375.3"
"518";"382600 ";"2022MM01";"   316.7"
"519";"382600 ";"2022MM02";"   261.7"
"520";"382600 ";"2022MM03";"   287.1"
"522";"382600 ";"2022MM04";"   274.1"
"523";"382600 ";"2022MM05";"   302.9"
"524";"382600 ";"2022MM06";"   295.7"
"526";"382600 ";"2022MM07";"   286.9"
"527";"382600 ";"2022MM08";"   272.9"
"528";"382600 ";"2022MM09";"   290.0"
"530";"382600 ";"2022MM10";"   302.4"
"531";"382600 ";"2022MM11";"   379.3"
"532";"382600 ";"2022MM12";"   359.8"
"535";"382600 ";"2023MM01";"   317.2"
"536";"382600 ";"2023MM02";"   279.4"
"537";"382600 ";"2023MM03";"   316.2"
"539";"382600 ";"2023MM04";"   283.8"
"540";"382600 ";"2023MM05";"   311.3"
"541";"382600 ";"2023MM06";"   300.6"
"543";"382600 ";"2023MM07";"   293.0"
"544";"382600 ";"2023MM08";"   281.4"
"545";"382600 ";"2023MM09";"   301.4"
"547";"382600 ";"2023MM10";"   323.0"
"548";"382600 ";"2023MM11";"   392.5"
"549";"382600 ";"2023MM12";"   360.1"
"552";"382600 ";"2024MM01";"   328.5"
"553";"382600 ";"2024MM02";"   303.6"
"554";"382600 ";"2024MM03";"   328.1"
"556";"382600 ";"2024MM04";"   317.1"
"557";"382600 ";"2024MM05";"   333.0"
"558";"382600 ";"2024MM06";"   327.4"
"560";"382600 ";"2024MM07";"   328.0"
"561";"382600 ";"2024MM08";"   311.3"
"562";"382600 ";"2024MM09";"   335.9"
"564";"382600 ";"2024MM10";"   351.7"
"565";"382600 ";"2024MM11";"   406.9"
"566";"382600 ";"2024MM12";"   412.5"
"569";"382600 ";"2025MM01";"   349.8"
"570";"382600 ";"2025MM02";"   324.3"
"571";"382600 ";"2025MM03";"   360.3"
"573";"B000625";"2014MM01";"       ."
"574";"B000625";"2014MM02";"       ."
"575";"B000625";"2014MM03";"       ."
"577";"B000625";"2014MM04";"       ."
"578";"B000625";"2014MM05";"       ."
"579";"B000625";"2014MM06";"       ."
"581";"B000625";"2014MM07";"       ."
"582";"B000625";"2014MM08";"       ."
"583";"B000625";"2014MM09";"       ."
"585";"B000625";"2014MM10";"       ."
"586";"B000625";"2014MM11";"       ."
"587";"B000625";"2014MM12";"       ."
"590";"B000625";"2015MM01";"    86.9"
"591";"B000625";"2015MM02";"    81.1"
"592";"B000625";"2015MM03";"    89.4"
"594";"B000625";"2015MM04";"    94.2"
"595";"B000625";"2015MM05";"    92.1"
"596";"B000625";"2015MM06";"    98.4"
"598";"B000625";"2015MM07";"    96.1"
"599";"B000625";"2015MM08";"    94.0"
"600";"B000625";"2015MM09";"   109.5"
"602";"B000625";"2015MM10";"   114.0"
"603";"B000625";"2015MM11";"   115.6"
"604";"B000625";"2015MM12";"   128.8"
"607";"B000625";"2016MM01";"   122.5"
"608";"B000625";"2016MM02";"   113.2"
"609";"B000625";"2016MM03";"   131.1"
"611";"B000625";"2016MM04";"   121.0"
"612";"B000625";"2016MM05";"   119.6"
"613";"B000625";"2016MM06";"   123.2"
"615";"B000625";"2016MM07";"   112.9"
"616";"B000625";"2016MM08";"   112.9"
"617";"B000625";"2016MM09";"   124.1"
"619";"B000625";"2016MM10";"   136.5"
"620";"B000625";"2016MM11";"   146.3"
"621";"B000625";"2016MM12";"   154.0"
"624";"B000625";"2017MM01";"   151.2"
"625";"B000625";"2017MM02";"   138.8"
"626";"B000625";"2017MM03";"   158.2"
"628";"B000625";"2017MM04";"   159.3"
"629";"B000625";"2017MM05";"   166.6"
"630";"B000625";"2017MM06";"   166.6"
"632";"B000625";"2017MM07";"   153.4"
"633";"B000625";"2017MM08";"   156.3"
"634";"B000625";"2017MM09";"   169.6"
"636";"B000625";"2017MM10";"   190.7"
"637";"B000625";"2017MM11";"   207.2"
"638";"B000625";"2017MM12";"   215.4"
"641";"B000625";"2018MM01";"   207.5"
"642";"B000625";"2018MM02";"   188.7"
"643";"B000625";"2018MM03";"   221.5"
"645";"B000625";"2018MM04";"   209.3"
"646";"B000625";"2018MM05";"   213.6"
"647";"B000625";"2018MM06";"   210.8"
"649";"B000625";"2018MM07";"   198.7"
"650";"B000625";"2018MM08";"   185.0"
"651";"B000625";"2018MM09";"   207.2"
"653";"B000625";"2018MM10";"   234.7"
"654";"B000625";"2018MM11";"   257.2"
"655";"B000625";"2018MM12";"   242.9"
"658";"B000625";"2019MM01";"   251.3"
"659";"B000625";"2019MM02";"   236.4"
"660";"B000625";"2019MM03";"   268.5"
"662";"B000625";"2019MM04";"   268.9"
"663";"B000625";"2019MM05";"   273.7"
"664";"B000625";"2019MM06";"   273.3"
"666";"B000625";"2019MM07";"   245.3"
"667";"B000625";"2019MM08";"   248.3"
"668";"B000625";"2019MM09";"   274.8"
"670";"B000625";"2019MM10";"   296.4"
"671";"B000625";"2019MM11";"   316.8"
"672";"B000625";"2019MM12";"   318.2"
"675";"B000625";"2020MM01";"   305.7"
"676";"B000625";"2020MM02";"   292.7"
"677";"B000625";"2020MM03";"   385.4"
"679";"B000625";"2020MM04";"   414.7"
"680";"B000625";"2020MM05";"   441.3"
"681";"B000625";"2020MM06";"   432.9"
"683";"B000625";"2020MM07";"   399.6"
"684";"B000625";"2020MM08";"   377.0"
"685";"B000625";"2020MM09";"   412.1"
"687";"B000625";"2020MM10";"   467.3"
"688";"B000625";"2020MM11";"   504.4"
"689";"B000625";"2020MM12";"   544.6"
"692";"B000625";"2021MM01";"   546.8"
"693";"B000625";"2021MM02";"   522.5"
"694";"B000625";"2021MM03";"   598.8"
"696";"B000625";"2021MM04";"   564.2"
"697";"B000625";"2021MM05";"   547.8"
"698";"B000625";"2021MM06";"   544.8"
"700";"B000625";"2021MM07";"   472.2"
"701";"B000625";"2021MM08";"   439.7"
"702";"B000625";"2021MM09";"   470.2"
"704";"B000625";"2021MM10";"   504.8"
"705";"B000625";"2021MM11";"   559.5"
"706";"B000625";"2021MM12";"   580.2"
"709";"B000625";"2022MM01";"   570.4"
"710";"B000625";"2022MM02";"   530.5"
"711";"B000625";"2022MM03";"   593.6"
"713";"B000625";"2022MM04";"   552.4"
"714";"B000625";"2022MM05";"   539.4"
"715";"B000625";"2022MM06";"   542.6"
"717";"B000625";"2022MM07";"   492.9"
"718";"B000625";"2022MM08";"   468.3"
"719";"B000625";"2022MM09";"   519.4"
"721";"B000625";"2022MM10";"   557.5"
"722";"B000625";"2022MM11";"   620.4"
"723";"B000625";"2022MM12";"   643.3"
"726";"B000625";"2023MM01";"   598.4"
"727";"B000625";"2023MM02";"   547.0"
"728";"B000625";"2023MM03";"   638.9"
"730";"B000625";"2023MM04";"   584.8"
"731";"B000625";"2023MM05";"   619.9"
"732";"B000625";"2023MM06";"   624.0"
"734";"B000625";"2023MM07";"   560.3"
"735";"B000625";"2023MM08";"   558.1"
"736";"B000625";"2023MM09";"   584.7"
"738";"B000625";"2023MM10";"   622.1"
"739";"B000625";"2023MM11";"   676.3"
"740";"B000625";"2023MM12";"   642.9"
"743";"B000625";"2024MM01";"   676.9"
"744";"B000625";"2024MM02";"   614.8"
"745";"B000625";"2024MM03";"   670.0"
"747";"B000625";"2024MM04";"   660.7"
"748";"B000625";"2024MM05";"   656.3"
"749";"B000625";"2024MM06";"   647.4"
"751";"B000625";"2024MM07";"   621.2"
"752";"B000625";"2024MM08";"   609.4"
"753";"B000625";"2024MM09";"   656.3"
"755";"B000625";"2024MM10";"   701.5"
"756";"B000625";"2024MM11";"   745.6"
"757";"B000625";"2024MM12";"   697.4"
"760";"B000625";"2025MM01";"   716.5"
"761";"B000625";"2025MM02";"   681.1"
"762";"B000625";"2025MM03";"   769.0"
"764";"B000626";"2014MM01";"       ."
"765";"B000626";"2014MM02";"       ."
"766";"B000626";"2014MM03";"       ."
"768";"B000626";"2014MM04";"       ."
"769";"B000626";"2014MM05";"       ."
"770";"B000626";"2014MM06";"       ."
"772";"B000626";"2014MM07";"       ."
"773";"B000626";"2014MM08";"       ."
"774";"B000626";"2014MM09";"       ."
"776";"B000626";"2014MM10";"       ."
"777";"B000626";"2014MM11";"       ."
"778";"B000626";"2014MM12";"       ."
"781";"B000626";"2015MM01";"   105.7"
"782";"B000626";"2015MM02";"    85.0"
"783";"B000626";"2015MM03";"    86.1"
"785";"B000626";"2015MM04";"    88.2"
"786";"B000626";"2015MM05";"    85.9"
"787";"B000626";"2015MM06";"    96.8"
"789";"B000626";"2015MM07";"    99.8"
"790";"B000626";"2015MM08";"   103.0"
"791";"B000626";"2015MM09";"   100.5"
"793";"B000626";"2015MM10";"   100.9"
"794";"B000626";"2015MM11";"   108.3"
"795";"B000626";"2015MM12";"   140.0"
"798";"B000626";"2016MM01";"   133.0"
"799";"B000626";"2016MM02";"   112.6"
"800";"B000626";"2016MM03";"   110.0"
"802";"B000626";"2016MM04";"    98.1"
"803";"B000626";"2016MM05";"   116.1"
"804";"B000626";"2016MM06";"   129.0"
"806";"B000626";"2016MM07";"   122.7"
"807";"B000626";"2016MM08";"   126.0"
"808";"B000626";"2016MM09";"   127.2"
"810";"B000626";"2016MM10";"   124.4"
"811";"B000626";"2016MM11";"   139.8"
"812";"B000626";"2016MM12";"   152.5"
"815";"B000626";"2017MM01";"   162.0"
"816";"B000626";"2017MM02";"   118.4"
"817";"B000626";"2017MM03";"   127.1"
"819";"B000626";"2017MM04";"   116.4"
"820";"B000626";"2017MM05";"   141.6"
"821";"B000626";"2017MM06";"   142.5"
"823";"B000626";"2017MM07";"   151.8"
"824";"B000626";"2017MM08";"   149.9"
"825";"B000626";"2017MM09";"   144.6"
"827";"B000626";"2017MM10";"   143.9"
"828";"B000626";"2017MM11";"   172.3"
"829";"B000626";"2017MM12";"   178.5"
"832";"B000626";"2018MM01";"   194.1"
"833";"B000626";"2018MM02";"   131.1"
"834";"B000626";"2018MM03";"   153.8"
"836";"B000626";"2018MM04";"   139.1"
"837";"B000626";"2018MM05";"   166.8"
"838";"B000626";"2018MM06";"   175.4"
"840";"B000626";"2018MM07";"   171.9"
"841";"B000626";"2018MM08";"   182.4"
"842";"B000626";"2018MM09";"   163.2"
"844";"B000626";"2018MM10";"   174.4"
"845";"B000626";"2018MM11";"   227.8"
"846";"B000626";"2018MM12";"   208.1"
"849";"B000626";"2019MM01";"   223.7"
"850";"B000626";"2019MM02";"   155.3"
"851";"B000626";"2019MM03";"   194.8"
"853";"B000626";"2019MM04";"   161.3"
"854";"B000626";"2019MM05";"   207.2"
"855";"B000626";"2019MM06";"   189.7"
"857";"B000626";"2019MM07";"   202.3"
"858";"B000626";"2019MM08";"   197.9"
"859";"B000626";"2019MM09";"   190.5"
"861";"B000626";"2019MM10";"   206.7"
"862";"B000626";"2019MM11";"   240.1"
"863";"B000626";"2019MM12";"   275.8"
"866";"B000626";"2020MM01";"   241.7"
"867";"B000626";"2020MM02";"   175.5"
"868";"B000626";"2020MM03";"   251.9"
"870";"B000626";"2020MM04";"   290.8"
"871";"B000626";"2020MM05";"   298.5"
"872";"B000626";"2020MM06";"   283.8"
"874";"B000626";"2020MM07";"   251.8"
"875";"B000626";"2020MM08";"   258.0"
"876";"B000626";"2020MM09";"   241.8"
"878";"B000626";"2020MM10";"   279.4"
"879";"B000626";"2020MM11";"   380.6"
"880";"B000626";"2020MM12";"   392.5"
"883";"B000626";"2021MM01";"   419.9"
"884";"B000626";"2021MM02";"   342.5"
"885";"B000626";"2021MM03";"   377.5"
"887";"B000626";"2021MM04";"   305.8"
"888";"B000626";"2021MM05";"   295.9"
"889";"B000626";"2021MM06";"   286.7"
"891";"B000626";"2021MM07";"   253.0"
"892";"B000626";"2021MM08";"   254.1"
"893";"B000626";"2021MM09";"   254.0"
"895";"B000626";"2021MM10";"   257.0"
"896";"B000626";"2021MM11";"   375.7"
"897";"B000626";"2021MM12";"   356.4"
"900";"B000626";"2022MM01";"   365.4"
"901";"B000626";"2022MM02";"   239.1"
"902";"B000626";"2022MM03";"   257.6"
"904";"B000626";"2022MM04";"   236.5"
"905";"B000626";"2022MM05";"   264.4"
"906";"B000626";"2022MM06";"   269.2"
"908";"B000626";"2022MM07";"   261.3"
"909";"B000626";"2022MM08";"   266.0"
"910";"B000626";"2022MM09";"   277.0"
"912";"B000626";"2022MM10";"   290.8"
"913";"B000626";"2022MM11";"   397.1"
"914";"B000626";"2022MM12";"   295.3"
"917";"B000626";"2023MM01";"   308.3"
"918";"B000626";"2023MM02";"   242.8"
"919";"B000626";"2023MM03";"   268.2"
"921";"B000626";"2023MM04";"   222.2"
"922";"B000626";"2023MM05";"   270.3"
"923";"B000626";"2023MM06";"   267.8"
"925";"B000626";"2023MM07";"   241.0"
"926";"B000626";"2023MM08";"   247.2"
"927";"B000626";"2023MM09";"   265.8"
"929";"B000626";"2023MM10";"   271.8"
"930";"B000626";"2023MM11";"   380.4"
"931";"B000626";"2023MM12";"   286.9"
"934";"B000626";"2024MM01";"   289.7"
"935";"B000626";"2024MM02";"   235.0"
"936";"B000626";"2024MM03";"   258.2"
"938";"B000626";"2024MM04";"   239.9"
"939";"B000626";"2024MM05";"   263.5"
"940";"B000626";"2024MM06";"   263.5"
"942";"B000626";"2024MM07";"   271.2"
"943";"B000626";"2024MM08";"   269.8"
"944";"B000626";"2024MM09";"   279.5"
"946";"B000626";"2024MM10";"   280.0"
"947";"B000626";"2024MM11";"   384.3"
"948";"B000626";"2024MM12";"   346.9"
"951";"B000626";"2025MM01";"   304.7"
"952";"B000626";"2025MM02";"   248.3"
"953";"B000626";"2025MM03";"   252.6"
"955";"B000627";"2014MM01";"       ."
"956";"B000627";"2014MM02";"       ."
"957";"B000627";"2014MM03";"       ."
"959";"B000627";"2014MM04";"       ."
"960";"B000627";"2014MM05";"       ."
"961";"B000627";"2014MM06";"       ."
"963";"B000627";"2014MM07";"       ."
"964";"B000627";"2014MM08";"       ."
"965";"B000627";"2014MM09";"       ."
"967";"B000627";"2014MM10";"       ."
"968";"B000627";"2014MM11";"       ."
"969";"B000627";"2014MM12";"       ."
"972";"B000627";"2015MM01";"    97.0"
"973";"B000627";"2015MM02";"    73.8"
"974";"B000627";"2015MM03";"   104.8"
"976";"B000627";"2015MM04";"   110.3"
"977";"B000627";"2015MM05";"    96.6"
"978";"B000627";"2015MM06";"   114.4"
"980";"B000627";"2015MM07";"    85.5"
"981";"B000627";"2015MM08";"    83.3"
"982";"B000627";"2015MM09";"   109.9"
"984";"B000627";"2015MM10";"   108.0"
"985";"B000627";"2015MM11";"   106.8"
"986";"B000627";"2015MM12";"   109.7"
"989";"B000627";"2016MM01";"   103.9"
"990";"B000627";"2016MM02";"    87.7"
"991";"B000627";"2016MM03";"   106.9"
"993";"B000627";"2016MM04";"   115.2"
"994";"B000627";"2016MM05";"   126.0"
"995";"B000627";"2016MM06";"   116.4"
"997";"B000627";"2016MM07";"   100.1"
"998";"B000627";"2016MM08";"    91.1"
"999";"B000627";"2016MM09";"   119.0"
"1001";"B000627";"2016MM10";"   146.5"
"1002";"B000627";"2016MM11";"   135.3"
"1003";"B000627";"2016MM12";"   129.9"
"1006";"B000627";"2017MM01";"   111.0"
"1007";"B000627";"2017MM02";"    92.1"
"1008";"B000627";"2017MM03";"   114.0"
"1010";"B000627";"2017MM04";"   127.9"
"1011";"B000627";"2017MM05";"   144.1"
"1012";"B000627";"2017MM06";"   138.6"
"1014";"B000627";"2017MM07";"   104.6"
"1015";"B000627";"2017MM08";"   104.7"
"1016";"B000627";"2017MM09";"   141.5"
"1018";"B000627";"2017MM10";"   127.7"
"1019";"B000627";"2017MM11";"   147.3"
"1020";"B000627";"2017MM12";"   169.5"
"1023";"B000627";"2018MM01";"   130.2"
"1024";"B000627";"2018MM02";"   104.8"
"1025";"B000627";"2018MM03";"   134.5"
"1027";"B000627";"2018MM04";"   164.0"
"1028";"B000627";"2018MM05";"   142.6"
"1029";"B000627";"2018MM06";"   161.7"
"1031";"B000627";"2018MM07";"   140.1"
"1032";"B000627";"2018MM08";"   126.4"
"1033";"B000627";"2018MM09";"   156.2"
"1035";"B000627";"2018MM10";"   161.4"
"1036";"B000627";"2018MM11";"   188.0"
"1037";"B000627";"2018MM12";"   177.2"
"1040";"B000627";"2019MM01";"   151.5"
"1041";"B000627";"2019MM02";"   115.8"
"1042";"B000627";"2019MM03";"   145.8"
"1044";"B000627";"2019MM04";"   163.2"
"1045";"B000627";"2019MM05";"   154.5"
"1046";"B000627";"2019MM06";"   190.6"
"1048";"B000627";"2019MM07";"   142.1"
"1049";"B000627";"2019MM08";"   133.0"
"1050";"B000627";"2019MM09";"   200.4"
"1052";"B000627";"2019MM10";"   165.3"
"1053";"B000627";"2019MM11";"   183.7"
"1054";"B000627";"2019MM12";"   222.4"
"1057";"B000627";"2020MM01";"   164.1"
"1058";"B000627";"2020MM02";"   125.6"
"1059";"B000627";"2020MM03";"   158.3"
"1061";"B000627";"2020MM04";"   293.0"
"1062";"B000627";"2020MM05";"   236.0"
"1063";"B000627";"2020MM06";"   242.6"
"1065";"B000627";"2020MM07";"   192.8"
"1066";"B000627";"2020MM08";"   188.1"
"1067";"B000627";"2020MM09";"   236.1"
"1069";"B000627";"2020MM10";"   223.3"
"1070";"B000627";"2020MM11";"   287.7"
"1071";"B000627";"2020MM12";"   340.3"
"1074";"B000627";"2021MM01";"   337.8"
"1075";"B000627";"2021MM02";"   354.0"
"1076";"B000627";"2021MM03";"   349.1"
"1078";"B000627";"2021MM04";"   300.6"
"1079";"B000627";"2021MM05";"   267.8"
"1080";"B000627";"2021MM06";"   310.1"
"1082";"B000627";"2021MM07";"   211.0"
"1083";"B000627";"2021MM08";"   223.1"
"1084";"B000627";"2021MM09";"   274.2"
"1086";"B000627";"2021MM10";"   278.4"
"1087";"B000627";"2021MM11";"   297.9"
"1088";"B000627";"2021MM12";"   372.0"
"1091";"B000627";"2022MM01";"   283.5"
"1092";"B000627";"2022MM02";"   200.0"
"1093";"B000627";"2022MM03";"   274.7"
"1095";"B000627";"2022MM04";"   274.8"
"1096";"B000627";"2022MM05";"   309.3"
"1097";"B000627";"2022MM06";"   295.0"
"1099";"B000627";"2022MM07";"   265.7"
"1100";"B000627";"2022MM08";"   221.6"
"1101";"B000627";"2022MM09";"   299.6"
"1103";"B000627";"2022MM10";"   294.6"
"1104";"B000627";"2022MM11";"   361.3"
"1105";"B000627";"2022MM12";"   328.7"
"1108";"B000627";"2023MM01";"   250.0"
"1109";"B000627";"2023MM02";"   203.1"
"1110";"B000627";"2023MM03";"   253.3"
"1112";"B000627";"2023MM04";"   264.3"
"1113";"B000627";"2023MM05";"   292.3"
"1114";"B000627";"2023MM06";"   310.5"
"1116";"B000627";"2023MM07";"   227.4"
"1117";"B000627";"2023MM08";"   223.6"
"1118";"B000627";"2023MM09";"   235.8"
"1120";"B000627";"2023MM10";"   293.0"
"1121";"B000627";"2023MM11";"   316.7"
"1122";"B000627";"2023MM12";"   281.0"
"1125";"B000627";"2024MM01";"   254.9"
"1126";"B000627";"2024MM02";"   183.7"
"1127";"B000627";"2024MM03";"   241.1"
"1129";"B000627";"2024MM04";"   272.7"
"1130";"B000627";"2024MM05";"   271.8"
"1131";"B000627";"2024MM06";"   262.4"
"1133";"B000627";"2024MM07";"   244.3"
"1134";"B000627";"2024MM08";"   213.7"
"1135";"B000627";"2024MM09";"   277.1"
"1137";"B000627";"2024MM10";"   282.4"
"1138";"B000627";"2024MM11";"   302.7"
"1139";"B000627";"2024MM12";"   300.7"
"1142";"B000627";"2025MM01";"   249.4"
"1143";"B000627";"2025MM02";"   179.2"
"1144";"B000627";"2025MM03";"   242.4"
"1146";"B000628";"2014MM01";"       ."
"1147";"B000628";"2014MM02";"       ."
"1148";"B000628";"2014MM03";"       ."
"1150";"B000628";"2014MM04";"       ."
"1151";"B000628";"2014MM05";"       ."
"1152";"B000628";"2014MM06";"       ."
"1154";"B000628";"2014MM07";"       ."
"1155";"B000628";"2014MM08";"       ."
"1156";"B000628";"2014MM09";"       ."
"1158";"B000628";"2014MM10";"       ."
"1159";"B000628";"2014MM11";"       ."
"1160";"B000628";"2014MM12";"       ."
"1163";"B000628";"2015MM01";"    86.0"
"1164";"B000628";"2015MM02";"    76.6"
"1165";"B000628";"2015MM03";"    87.8"
"1167";"B000628";"2015MM04";"    90.0"
"1168";"B000628";"2015MM05";"    90.0"
"1169";"B000628";"2015MM06";"   102.6"
"1171";"B000628";"2015MM07";"    99.9"
"1172";"B000628";"2015MM08";"    92.4"
"1173";"B000628";"2015MM09";"   101.8"
"1175";"B000628";"2015MM10";"   103.2"
"1176";"B000628";"2015MM11";"   121.7"
"1177";"B000628";"2015MM12";"   148.1"
"1180";"B000628";"2016MM01";"   106.6"
"1181";"B000628";"2016MM02";"    92.8"
"1182";"B000628";"2016MM03";"   106.4"
"1184";"B000628";"2016MM04";"   107.0"
"1185";"B000628";"2016MM05";"   111.1"
"1186";"B000628";"2016MM06";"   124.4"
"1188";"B000628";"2016MM07";"   113.5"
"1189";"B000628";"2016MM08";"   111.7"
"1190";"B000628";"2016MM09";"   112.2"
"1192";"B000628";"2016MM10";"   119.2"
"1193";"B000628";"2016MM11";"   153.2"
"1194";"B000628";"2016MM12";"   165.7"
"1197";"B000628";"2017MM01";"   125.8"
"1198";"B000628";"2017MM02";"   111.9"
"1199";"B000628";"2017MM03";"   121.3"
"1201";"B000628";"2017MM04";"   125.0"
"1202";"B000628";"2017MM05";"   138.0"
"1203";"B000628";"2017MM06";"   145.1"
"1205";"B000628";"2017MM07";"   136.7"
"1206";"B000628";"2017MM08";"   126.3"
"1207";"B000628";"2017MM09";"   139.8"
"1209";"B000628";"2017MM10";"   142.4"
"1210";"B000628";"2017MM11";"   185.7"
"1211";"B000628";"2017MM12";"   199.0"
"1214";"B000628";"2018MM01";"   151.2"
"1215";"B000628";"2018MM02";"   126.2"
"1216";"B000628";"2018MM03";"   144.6"
"1218";"B000628";"2018MM04";"   148.1"
"1219";"B000628";"2018MM05";"   155.1"
"1220";"B000628";"2018MM06";"   165.6"
"1222";"B000628";"2018MM07";"   162.1"
"1223";"B000628";"2018MM08";"   149.0"
"1224";"B000628";"2018MM09";"   154.9"
"1226";"B000628";"2018MM10";"   163.8"
"1227";"B000628";"2018MM11";"   210.6"
"1228";"B000628";"2018MM12";"   212.1"
"1231";"B000628";"2019MM01";"   172.8"
"1232";"B000628";"2019MM02";"   145.8"
"1233";"B000628";"2019MM03";"   164.6"
"1235";"B000628";"2019MM04";"   173.1"
"1236";"B000628";"2019MM05";"   188.5"
"1237";"B000628";"2019MM06";"   189.9"
"1239";"B000628";"2019MM07";"   188.4"
"1240";"B000628";"2019MM08";"   169.6"
"1241";"B000628";"2019MM09";"   181.1"
"1243";"B000628";"2019MM10";"   179.4"
"1244";"B000628";"2019MM11";"   224.8"
"1245";"B000628";"2019MM12";"   256.8"
"1248";"B000628";"2020MM01";"   190.8"
"1249";"B000628";"2020MM02";"   173.3"
"1250";"B000628";"2020MM03";"   230.0"
"1252";"B000628";"2020MM04";"   295.6"
"1253";"B000628";"2020MM05";"   282.4"
"1254";"B000628";"2020MM06";"   276.9"
"1256";"B000628";"2020MM07";"   254.5"
"1257";"B000628";"2020MM08";"   238.0"
"1258";"B000628";"2020MM09";"   246.5"
"1260";"B000628";"2020MM10";"   279.6"
"1261";"B000628";"2020MM11";"   349.6"
"1262";"B000628";"2020MM12";"   404.3"
"1265";"B000628";"2021MM01";"   378.1"
"1266";"B000628";"2021MM02";"   348.6"
"1267";"B000628";"2021MM03";"   387.7"
"1269";"B000628";"2021MM04";"   356.5"
"1270";"B000628";"2021MM05";"   331.9"
"1271";"B000628";"2021MM06";"   321.1"
"1273";"B000628";"2021MM07";"   283.9"
"1274";"B000628";"2021MM08";"   267.3"
"1275";"B000628";"2021MM09";"   273.8"
"1277";"B000628";"2021MM10";"   286.3"
"1278";"B000628";"2021MM11";"   375.8"
"1279";"B000628";"2021MM12";"   425.9"
"1282";"B000628";"2022MM01";"   346.9"
"1283";"B000628";"2022MM02";"   240.7"
"1284";"B000628";"2022MM03";"   275.7"
"1286";"B000628";"2022MM04";"   270.2"
"1287";"B000628";"2022MM05";"   311.6"
"1288";"B000628";"2022MM06";"   301.8"
"1290";"B000628";"2022MM07";"   296.6"
"1291";"B000628";"2022MM08";"   272.4"
"1292";"B000628";"2022MM09";"   287.0"
"1294";"B000628";"2022MM10";"   293.4"
"1295";"B000628";"2022MM11";"   388.5"
"1296";"B000628";"2022MM12";"   361.3"
"1299";"B000628";"2023MM01";"   300.3"
"1300";"B000628";"2023MM02";"   251.9"
"1301";"B000628";"2023MM03";"   295.0"
"1303";"B000628";"2023MM04";"   283.9"
"1304";"B000628";"2023MM05";"   319.6"
"1305";"B000628";"2023MM06";"   304.2"
"1307";"B000628";"2023MM07";"   297.4"
"1308";"B000628";"2023MM08";"   270.4"
"1309";"B000628";"2023MM09";"   284.2"
"1311";"B000628";"2023MM10";"   305.8"
"1312";"B000628";"2023MM11";"   389.8"
"1313";"B000628";"2023MM12";"   364.9"
"1316";"B000628";"2024MM01";"   303.9"
"1317";"B000628";"2024MM02";"   272.7"
"1318";"B000628";"2024MM03";"   307.7"
"1320";"B000628";"2024MM04";"   303.1"
"1321";"B000628";"2024MM05";"   329.8"
"1322";"B000628";"2024MM06";"   323.2"
"1324";"B000628";"2024MM07";"   317.7"
"1325";"B000628";"2024MM08";"   290.9"
"1326";"B000628";"2024MM09";"   304.3"
"1328";"B000628";"2024MM10";"   319.6"
"1329";"B000628";"2024MM11";"   384.2"
"1330";"B000628";"2024MM12";"   408.3"
"1333";"B000628";"2025MM01";"   318.5"
"1334";"B000628";"2025MM02";"   275.3"
"1335";"B000628";"2025MM03";"   326.0"
